{"cameraMode":{"drawMode":0,"name":"Shaded","section":"Shading Mode"},"sceneLighting":false,"audioPlay":false,"sceneViewState":{"showFog":true,"showMaterialUpdate":false,"showSkybox":false,"showFlares":true,"showImageEffects":true,"showParticleSystems":true},"in2DMode":false,"pivot":{"x":-0.000010078067134600133,"y":0.000005102212526253425,"z":0.000004718462150776759},"rotation":{"x":-0.01134545262902975,"y":-0.9800270795822144,"z":-0.058569129556417468,"w":0.18992646038532258},"size":17.35746192932129,"orthographic":false}