{"cameraMode":{"drawMode":0,"name":"Shaded","section":"Shading Mode"},"sceneLighting":true,"audioPlay":false,"sceneViewState":{"showFog":true,"showMaterialUpdate":false,"showSkybox":true,"showFlares":true,"showImageEffects":true,"showParticleSystems":true},"in2DMode":false,"pivot":{"x":19.65395164489746,"y":-0.7312412261962891,"z":-52.50844192504883},"rotation":{"x":-0.012254179455339909,"y":-0.9865530133247376,"z":0.08784569799900055,"w":-0.13759441673755647},"size":43.41588592529297,"orthographic":false}