{"cameraMode":{"drawMode":0,"name":"Shaded","section":"Shading Mode"},"sceneLighting":false,"audioPlay":false,"sceneViewState":{"showFog":true,"showMaterialUpdate":false,"showSkybox":false,"showFlares":true,"showImageEffects":true,"showParticleSystems":true},"in2DMode":false,"pivot":{"x":6.118941307067871,"y":0.12995809316635133,"z":3.1585800647735597},"rotation":{"x":-0.08949289470911026,"y":-0.6283648014068604,"z":0.07309647649526596,"w":-0.7692967653274536},"size":0.16556650400161744,"orthographic":false}